signature	mode_exposure	mean_exposure	median_exposure	0%	100%	2.5%	25%	75%	97.5%
Rearrangement Signature 1	2.9966234404935266	4.151340028363104	3.8708510953806643	0.14218075501745875	15.592842238458234	0.8475838972108055	2.520716596762823	5.511977703942514	9.099463241347893
Rearrangement Signature 2	13.509600298649172	13.568760724984482	13.570986080934652	5.084026662960689	22.226086953999918	7.8875257016929075	11.499350632635643	15.634405887723567	19.077998547125524
Rearrangement Signature 3	1.5963801939523878	2.852466045178755	2.5600947245663574	0.040041338919042935	11.308335810593283	0.41148102186803975	1.4339941189409795	3.9044078756007807	7.246273257344001
Rearrangement Signature 4	0.2721164111529339	0.9135104285917737	0.6632568249788151	0.0011977252484246872	7.509719479636903	0.02446054589858238	0.2744949310780152	1.207783174897513	3.3488795349903904
Rearrangement Signature 5	2.816561072372619	4.283188430629596	3.9098851552181633	0.05686634461731519	15.253480956817876	0.4611991086658553	2.38763543083925	5.66033796436821	10.709630350138783
Rearrangement Signature 6	0.2935426437351898	1.230734342252289	0.8014564962939799	0.0031991596228975114	7.198349130257416	0.030463723627185975	0.29533031299118506	1.6646204958575286	4.826240058270668
