signature	mode_exposure	mean_exposure	median_exposure	0%	100%	2.5%	25%	75%	97.5%
Rearrangement Signature 1	14.017552900697359	13.892267069867586	13.69782469906869	4.338758371900256	34.776159256090224	6.688607807757203	11.009418460524836	16.323706901961852	22.513186594273694
Rearrangement Signature 2	64.60511989894034	63.31398619619191	63.43534803049697	43.14610075745956	89.72242479872456	50.05251875890297	58.3677911141842	68.2973246792703	76.92209243498156
Rearrangement Signature 3	1.002816430938813	2.3501802165354895	1.920823808439235	0.001981262807656023	13.699369677243435	0.10306505140961963	0.9750303923010065	3.253649843790717	6.929996440112536
Rearrangement Signature 4	14.353845443131101	13.968644597315063	13.772092670445675	4.204836077121986	32.12764636404277	6.391138270996127	10.859429165485125	16.4882040432762	23.850693769152773
Rearrangement Signature 5	32.63384016483356	35.12426251015669	34.87208060665331	16.682859383123972	58.82837172931363	22.53461037188212	30.45130574327139	39.8014972105699	48.71725137706772
Rearrangement Signature 6	14.9142336338228	17.350659409933254	16.845333939872994	3.1808593389681343	35.71657076170929	8.276356184068387	13.360539557145733	20.920613404489828	28.933151595975804
