signature	mode_exposure	mean_exposure	median_exposure	0%	100%	2.5%	25%	75%	97.5%
Rearrangement Signature 1	15.227194802305391	17.167093101640504	16.808461631068898	5.2292671115683005	33.87185594304344	9.037051512698463	13.590071399909714	20.216760672035974	27.25845802483481
Rearrangement Signature 2	9.248590668249248	9.772327432430142	9.606793554763428	0.006607479378487186	27.32974114772478	1.7371458715591002	6.8069347553131445	12.602903101985472	18.509098368838153
Rearrangement Signature 3	4.5094878894606785	5.712474912877039	5.189507841651931	0.06858629382449045	25.81409484901728	0.7121773170624857	3.1796174587350685	7.42243755391595	14.013857044548995
Rearrangement Signature 4	1.3287544061303045	2.418190880741783	2.0970953047863388	0.05476095748454872	11.036446411793854	0.26265653707962056	1.1748779004223424	3.2511000794172604	6.733970806021768
Rearrangement Signature 5	34.771031879835384	34.357518153265104	34.5408858430316	16.002767837233606	52.55783805911049	22.084869813604918	29.771817038655225	38.93591804687287	46.911673448678656
Rearrangement Signature 6	1.423825405952226	2.5723955190454295	2.2081470565540866	0.02228585141688111	13.677862837272906	0.1442824631541529	1.1516126690975423	3.5252972898041017	7.334270178218101
